PRAGMA foreign_keys=OFF;
BEGIN TRANSACTION;
CREATE TABLE IF NOT EXISTS "django_migrations" ("id" integer NOT NULL PRIMARY KEY AUTOINCREMENT, "app" varchar(255) NOT NULL, "name" varchar(255) NOT NULL, "applied" datetime NOT NULL);
INSERT INTO django_migrations VALUES(1,'contenttypes','0001_initial','2018-11-05 02:01:20.989633');
INSERT INTO django_migrations VALUES(2,'auth','0001_initial','2018-11-05 02:01:21.008517');
INSERT INTO django_migrations VALUES(3,'admin','0001_initial','2018-11-05 02:01:21.024343');
INSERT INTO django_migrations VALUES(4,'admin','0002_logentry_remove_auto_add','2018-11-05 02:01:21.036909');
INSERT INTO django_migrations VALUES(5,'admin','0003_logentry_add_action_flag_choices','2018-11-05 02:01:21.061349');
INSERT INTO django_migrations VALUES(6,'contenttypes','0002_remove_content_type_name','2018-11-05 02:01:21.082732');
INSERT INTO django_migrations VALUES(7,'auth','0002_alter_permission_name_max_length','2018-11-05 02:01:21.090385');
INSERT INTO django_migrations VALUES(8,'auth','0003_alter_user_email_max_length','2018-11-05 02:01:21.106344');
INSERT INTO django_migrations VALUES(9,'auth','0004_alter_user_username_opts','2018-11-05 02:01:21.131220');
INSERT INTO django_migrations VALUES(10,'auth','0005_alter_user_last_login_null','2018-11-05 02:01:21.146107');
INSERT INTO django_migrations VALUES(11,'auth','0006_require_contenttypes_0002','2018-11-05 02:01:21.149143');
INSERT INTO django_migrations VALUES(12,'auth','0007_alter_validators_add_error_messages','2018-11-05 02:01:21.175437');
INSERT INTO django_migrations VALUES(13,'auth','0008_alter_user_username_max_length','2018-11-05 02:01:21.199134');
INSERT INTO django_migrations VALUES(14,'auth','0009_alter_user_last_name_max_length','2018-11-05 02:01:21.226241');
INSERT INTO django_migrations VALUES(15,'notes','0001_initial','2018-11-05 02:01:21.259502');
INSERT INTO django_migrations VALUES(16,'sessions','0001_initial','2018-11-05 02:01:21.271646');
INSERT INTO django_migrations VALUES(17,'authtoken','0001_initial','2018-12-23 01:47:09.979153');
INSERT INTO django_migrations VALUES(18,'authtoken','0002_auto_20160226_1747','2018-12-23 01:47:10.035081');
INSERT INTO django_migrations VALUES(19,'notes','0002_auto_20181223_0146','2018-12-23 01:47:10.091572');
INSERT INTO django_migrations VALUES(20,'notes','0003_remove_insight_approved','2018-12-23 02:49:29.783142');
INSERT INTO django_migrations VALUES(21,'notes','0004_auto_20181223_1524','2018-12-23 15:24:18.375203');
INSERT INTO django_migrations VALUES(22,'notes','0005_auto_20181223_1541','2018-12-23 15:41:44.777623');
INSERT INTO django_migrations VALUES(23,'notes','0006_auto_20181223_1601','2018-12-23 16:01:57.644980');
INSERT INTO django_migrations VALUES(24,'notes','0001_squashed_0006_auto_20181223_1601','2018-12-26 01:08:25.604639');
INSERT INTO django_migrations VALUES(25,'notes','0002_auto_20181226_0108','2018-12-26 01:09:13.079816');
CREATE TABLE IF NOT EXISTS "auth_group" ("id" integer NOT NULL PRIMARY KEY AUTOINCREMENT, "name" varchar(80) NOT NULL UNIQUE);
CREATE TABLE IF NOT EXISTS "auth_group_permissions" ("id" integer NOT NULL PRIMARY KEY AUTOINCREMENT, "group_id" integer NOT NULL REFERENCES "auth_group" ("id") DEFERRABLE INITIALLY DEFERRED, "permission_id" integer NOT NULL REFERENCES "auth_permission" ("id") DEFERRABLE INITIALLY DEFERRED);
CREATE TABLE IF NOT EXISTS "auth_user_groups" ("id" integer NOT NULL PRIMARY KEY AUTOINCREMENT, "user_id" integer NOT NULL REFERENCES "auth_user" ("id") DEFERRABLE INITIALLY DEFERRED, "group_id" integer NOT NULL REFERENCES "auth_group" ("id") DEFERRABLE INITIALLY DEFERRED);
CREATE TABLE IF NOT EXISTS "auth_user_user_permissions" ("id" integer NOT NULL PRIMARY KEY AUTOINCREMENT, "user_id" integer NOT NULL REFERENCES "auth_user" ("id") DEFERRABLE INITIALLY DEFERRED, "permission_id" integer NOT NULL REFERENCES "auth_permission" ("id") DEFERRABLE INITIALLY DEFERRED);
CREATE TABLE IF NOT EXISTS "django_admin_log" ("id" integer NOT NULL PRIMARY KEY AUTOINCREMENT, "action_time" datetime NOT NULL, "object_id" text NULL, "object_repr" varchar(200) NOT NULL, "change_message" text NOT NULL, "content_type_id" integer NULL REFERENCES "django_content_type" ("id") DEFERRABLE INITIALLY DEFERRED, "user_id" integer NOT NULL REFERENCES "auth_user" ("id") DEFERRABLE INITIALLY DEFERRED, "action_flag" smallint unsigned NOT NULL);
CREATE TABLE IF NOT EXISTS "django_content_type" ("id" integer NOT NULL PRIMARY KEY AUTOINCREMENT, "app_label" varchar(100) NOT NULL, "model" varchar(100) NOT NULL);
INSERT INTO django_content_type VALUES(1,'admin','logentry');
INSERT INTO django_content_type VALUES(2,'auth','permission');
INSERT INTO django_content_type VALUES(3,'auth','group');
INSERT INTO django_content_type VALUES(4,'auth','user');
INSERT INTO django_content_type VALUES(5,'contenttypes','contenttype');
INSERT INTO django_content_type VALUES(6,'sessions','session');
INSERT INTO django_content_type VALUES(7,'notes','category');
INSERT INTO django_content_type VALUES(8,'notes','note');
INSERT INTO django_content_type VALUES(9,'authtoken','token');
INSERT INTO django_content_type VALUES(10,'notes','insight');
CREATE TABLE IF NOT EXISTS "auth_permission" ("id" integer NOT NULL PRIMARY KEY AUTOINCREMENT, "content_type_id" integer NOT NULL REFERENCES "django_content_type" ("id") DEFERRABLE INITIALLY DEFERRED, "codename" varchar(100) NOT NULL, "name" varchar(255) NOT NULL);
INSERT INTO auth_permission VALUES(1,1,'add_logentry','Can add log entry');
INSERT INTO auth_permission VALUES(2,1,'change_logentry','Can change log entry');
INSERT INTO auth_permission VALUES(3,1,'delete_logentry','Can delete log entry');
INSERT INTO auth_permission VALUES(4,1,'view_logentry','Can view log entry');
INSERT INTO auth_permission VALUES(5,2,'add_permission','Can add permission');
INSERT INTO auth_permission VALUES(6,2,'change_permission','Can change permission');
INSERT INTO auth_permission VALUES(7,2,'delete_permission','Can delete permission');
INSERT INTO auth_permission VALUES(8,2,'view_permission','Can view permission');
INSERT INTO auth_permission VALUES(9,3,'add_group','Can add group');
INSERT INTO auth_permission VALUES(10,3,'change_group','Can change group');
INSERT INTO auth_permission VALUES(11,3,'delete_group','Can delete group');
INSERT INTO auth_permission VALUES(12,3,'view_group','Can view group');
INSERT INTO auth_permission VALUES(13,4,'add_user','Can add user');
INSERT INTO auth_permission VALUES(14,4,'change_user','Can change user');
INSERT INTO auth_permission VALUES(15,4,'delete_user','Can delete user');
INSERT INTO auth_permission VALUES(16,4,'view_user','Can view user');
INSERT INTO auth_permission VALUES(17,5,'add_contenttype','Can add content type');
INSERT INTO auth_permission VALUES(18,5,'change_contenttype','Can change content type');
INSERT INTO auth_permission VALUES(19,5,'delete_contenttype','Can delete content type');
INSERT INTO auth_permission VALUES(20,5,'view_contenttype','Can view content type');
INSERT INTO auth_permission VALUES(21,6,'add_session','Can add session');
INSERT INTO auth_permission VALUES(22,6,'change_session','Can change session');
INSERT INTO auth_permission VALUES(23,6,'delete_session','Can delete session');
INSERT INTO auth_permission VALUES(24,6,'view_session','Can view session');
INSERT INTO auth_permission VALUES(25,7,'add_category','Can add category');
INSERT INTO auth_permission VALUES(26,7,'change_category','Can change category');
INSERT INTO auth_permission VALUES(27,7,'delete_category','Can delete category');
INSERT INTO auth_permission VALUES(28,7,'view_category','Can view category');
INSERT INTO auth_permission VALUES(29,8,'add_note','Can add note');
INSERT INTO auth_permission VALUES(30,8,'change_note','Can change note');
INSERT INTO auth_permission VALUES(31,8,'delete_note','Can delete note');
INSERT INTO auth_permission VALUES(32,8,'view_note','Can view note');
INSERT INTO auth_permission VALUES(33,9,'add_token','Can add Token');
INSERT INTO auth_permission VALUES(34,9,'change_token','Can change Token');
INSERT INTO auth_permission VALUES(35,9,'delete_token','Can delete Token');
INSERT INTO auth_permission VALUES(36,9,'view_token','Can view Token');
INSERT INTO auth_permission VALUES(37,10,'add_insight','Can add insight');
INSERT INTO auth_permission VALUES(38,10,'change_insight','Can change insight');
INSERT INTO auth_permission VALUES(39,10,'delete_insight','Can delete insight');
INSERT INTO auth_permission VALUES(40,10,'view_insight','Can view insight');
CREATE TABLE IF NOT EXISTS "auth_user" ("id" integer NOT NULL PRIMARY KEY AUTOINCREMENT, "password" varchar(128) NOT NULL, "last_login" datetime NULL, "is_superuser" bool NOT NULL, "username" varchar(150) NOT NULL UNIQUE, "first_name" varchar(30) NOT NULL, "email" varchar(254) NOT NULL, "is_staff" bool NOT NULL, "is_active" bool NOT NULL, "date_joined" datetime NOT NULL, "last_name" varchar(150) NOT NULL);
INSERT INTO auth_user VALUES(1,'pbkdf2_sha256$120000$eOES1WARXcBt$gdh43vPsQWllutqmTJdZRkuk3ebRwe9EI3DicLw6bDQ=','2018-12-22 14:27:14.889516',1,'matthew','','mggrant@buffalo.edu',1,1,'2018-11-05 02:03:26.461128','');
CREATE TABLE IF NOT EXISTS "django_session" ("session_key" varchar(40) NOT NULL PRIMARY KEY, "session_data" text NOT NULL, "expire_date" datetime NOT NULL);
INSERT INTO django_session VALUES('wi0nn6wnbjnh40iho2gh9bjnx3uomhbl','YzZiODUwNjBmYzRiYjNmNDcwNzg3ZWRkZTBjMTk1MTdhZjhhNDQyNzp7Il9hdXRoX3VzZXJfaWQiOiIxIiwiX2F1dGhfdXNlcl9iYWNrZW5kIjoiZGphbmdvLmNvbnRyaWIuYXV0aC5iYWNrZW5kcy5Nb2RlbEJhY2tlbmQiLCJfYXV0aF91c2VyX2hhc2giOiIxYWVhOTc4OWZmMWEwYTYwZGY5NWFlZjM0MDMyYWI4NjYyYmVmNDhlIn0=','2018-11-19 02:06:45.408482');
INSERT INTO django_session VALUES('ga1jb34e4dk67u7k3kcfiybq4gsprkq1','YzZiODUwNjBmYzRiYjNmNDcwNzg3ZWRkZTBjMTk1MTdhZjhhNDQyNzp7Il9hdXRoX3VzZXJfaWQiOiIxIiwiX2F1dGhfdXNlcl9iYWNrZW5kIjoiZGphbmdvLmNvbnRyaWIuYXV0aC5iYWNrZW5kcy5Nb2RlbEJhY2tlbmQiLCJfYXV0aF91c2VyX2hhc2giOiIxYWVhOTc4OWZmMWEwYTYwZGY5NWFlZjM0MDMyYWI4NjYyYmVmNDhlIn0=','2019-01-05 14:27:14.897168');
CREATE TABLE IF NOT EXISTS "authtoken_token" ("key" varchar(40) NOT NULL PRIMARY KEY, "created" datetime NOT NULL, "user_id" integer NOT NULL UNIQUE REFERENCES "auth_user" ("id") DEFERRABLE INITIALLY DEFERRED);
CREATE TABLE IF NOT EXISTS "notes_insight" ("id" integer NOT NULL PRIMARY KEY AUTOINCREMENT, "caption" varchar(255) NOT NULL, "source_url" text NOT NULL, "created_at" datetime NOT NULL, "updated_at" datetime NOT NULL, "category_id" integer NULL REFERENCES "notes_category" ("id") DEFERRABLE INITIALLY DEFERRED, "visible" bool NOT NULL);
INSERT INTO notes_insight VALUES(1,'Farmers discard as much as 30% of produce simply because it’s considered not “pretty enough” for retail sale.','https://www.forbes.com/sites/andriacheng/2018/08/29/our-ugly-food-syndrome-leads-to-tons-of-food-waste-heres-what-retailers-can-do-about-it/#6841dd0d7210','2018-12-23 02:49:36.272811','2018-12-23 02:49:36.272894',1,1);
INSERT INTO notes_insight VALUES(2,'80% of Americans can no longer see the Milky Way.','https://www.vox.com/2016/6/10/11905390/light-pollution-night-sky','2018-12-23 02:51:04.224057','2018-12-23 02:51:04.224141',1,1);
INSERT INTO notes_insight VALUES(3,'Plastic bags and Styrofoam containers can take up to 1,000 years to decompose.','https://wedocs.unep.org/bitstream/handle/20.500.11822/25496/singleUsePlastic_sustainability.pdf?sequence=1&isAllowed=y','2018-12-23 02:53:53.872899','2018-12-23 02:53:53.872960',1,1);
INSERT INTO notes_insight VALUES(4,'In 2017, the median age of first marriage rose to 29.5 for men; for women, it reached 27.4.','https://www.cnn.com/2018/01/05/health/single-people-partner/index.html','2018-12-23 02:54:16.037559','2018-12-23 02:54:16.037651',4,1);
INSERT INTO notes_insight VALUES(5,'75% Of UK Kids Spend Less Time Outdoors Than Prison Inmates.','https://www.lifehack.org/425241/75-of-uk-kids-spend-less-time-outdoors-than-prison-inmates','2018-12-23 02:54:36.015386','2018-12-23 02:54:36.015476',4,1);
INSERT INTO notes_insight VALUES(6,'In America, 1 in 6 children may not know where they will get their next meal.','http://www.feedingamerica.org/hunger-in-america/child-hunger-facts.html','2018-12-23 02:57:21.271318','2018-12-23 02:57:21.271370',3,1);
INSERT INTO notes_insight VALUES(7,'Anxiety disorders are the most common mental illness in the U.S., affecting 40 million adults in the United States age 18 and older, or 18.1% of the population every year.','https://adaa.org/about-adaa/press-room/facts-statistics','2018-12-23 02:57:38.026060','2018-12-23 02:57:38.026129',3,1);
INSERT INTO notes_insight VALUES(8,'Teachers are 5 times more likely to have a second job than the average full-time worker.','https://www.vox.com/policy-and-politics/2018/4/4/17164718/teachers-work-part-time-jobs','2018-12-23 03:00:22.019893','2018-12-23 03:00:22.019971',2,1);
INSERT INTO notes_insight VALUES(9,'In 2014, older women received on average $4,500 less annually in Social Security benefits than men did.','https://www.theatlantic.com/business/archive/2018/02/pensions-safety-net-california/553970/','2018-12-23 03:02:57.338734','2018-12-23 03:02:57.338787',8,1);
INSERT INTO notes_insight VALUES(10,'Two-Thirds of Americans Aren’t Putting Money in Their 401(k)','https://www.bloomberg.com/news/articles/2017-02-21/two-thirds-of-americans-aren-t-putting-money-in-their-401-k','2018-12-23 03:04:48.602336','2018-12-23 03:04:48.602441',8,1);
CREATE TABLE IF NOT EXISTS "notes_category" ("id" integer NOT NULL PRIMARY KEY AUTOINCREMENT, "name" varchar(25) NOT NULL, "color" varchar(7) NOT NULL UNIQUE, "updated_at" datetime NOT NULL, "active" bool NOT NULL, "created_at" datetime NOT NULL);
INSERT INTO notes_category VALUES(1,'Environment','#83ccc5','2018-12-23 01:52:01.752871',1,'2018-12-23 01:52:01.752815');
INSERT INTO notes_category VALUES(2,'Education','#beb1c3','2018-12-23 02:02:41.335818',1,'2018-12-23 02:02:41.335767');
INSERT INTO notes_category VALUES(3,'Health','#b01e54','2018-12-23 02:05:16.757832',1,'2018-12-23 02:05:16.757780');
INSERT INTO notes_category VALUES(4,'Humanity','#e0a5b3','2018-12-23 02:06:45.002282',1,'2018-12-23 02:06:45.002161');
INSERT INTO notes_category VALUES(5,'Animals','#2fafb3','2018-12-23 02:07:20.020254',1,'2018-12-23 02:07:20.020155');
INSERT INTO notes_category VALUES(6,'Gender Equality','#fc666b','2018-12-23 02:09:58.741385',1,'2018-12-23 02:09:58.741306');
INSERT INTO notes_category VALUES(7,'Human Rights','#968b9a','2018-12-23 02:10:52.391370',1,'2018-12-23 02:10:52.391318');
INSERT INTO notes_category VALUES(8,'Finance','#31597c','2018-12-23 02:15:14.958965',1,'2018-12-23 02:15:14.958828');
INSERT INTO notes_category VALUES(9,'Tech','#b4cdb9','2018-12-23 02:21:03.010012',1,'2018-12-23 02:21:03.009948');
INSERT INTO notes_category VALUES(10,'Safety','#fd947c','2018-12-23 02:21:36.835245',1,'2018-12-23 02:21:36.835186');
INSERT INTO notes_category VALUES(11,'default','#FFFFFF','2018-12-23 15:37:31.259040',1,'2018-12-23 15:37:31.258964');
DELETE FROM sqlite_sequence;
INSERT INTO sqlite_sequence VALUES('django_migrations',25);
INSERT INTO sqlite_sequence VALUES('django_admin_log',0);
INSERT INTO sqlite_sequence VALUES('django_content_type',10);
INSERT INTO sqlite_sequence VALUES('auth_permission',40);
INSERT INTO sqlite_sequence VALUES('auth_user',1);
INSERT INTO sqlite_sequence VALUES('notes_insight',10);
INSERT INTO sqlite_sequence VALUES('notes_category',11);
CREATE UNIQUE INDEX "auth_group_permissions_group_id_permission_id_0cd325b0_uniq" ON "auth_group_permissions" ("group_id", "permission_id");
CREATE INDEX "auth_group_permissions_group_id_b120cbf9" ON "auth_group_permissions" ("group_id");
CREATE INDEX "auth_group_permissions_permission_id_84c5c92e" ON "auth_group_permissions" ("permission_id");
CREATE UNIQUE INDEX "auth_user_groups_user_id_group_id_94350c0c_uniq" ON "auth_user_groups" ("user_id", "group_id");
CREATE INDEX "auth_user_groups_user_id_6a12ed8b" ON "auth_user_groups" ("user_id");
CREATE INDEX "auth_user_groups_group_id_97559544" ON "auth_user_groups" ("group_id");
CREATE UNIQUE INDEX "auth_user_user_permissions_user_id_permission_id_14a6b632_uniq" ON "auth_user_user_permissions" ("user_id", "permission_id");
CREATE INDEX "auth_user_user_permissions_user_id_a95ead1b" ON "auth_user_user_permissions" ("user_id");
CREATE INDEX "auth_user_user_permissions_permission_id_1fbb5f2c" ON "auth_user_user_permissions" ("permission_id");
CREATE INDEX "django_admin_log_content_type_id_c4bce8eb" ON "django_admin_log" ("content_type_id");
CREATE INDEX "django_admin_log_user_id_c564eba6" ON "django_admin_log" ("user_id");
CREATE UNIQUE INDEX "django_content_type_app_label_model_76bd3d3b_uniq" ON "django_content_type" ("app_label", "model");
CREATE UNIQUE INDEX "auth_permission_content_type_id_codename_01ab375a_uniq" ON "auth_permission" ("content_type_id", "codename");
CREATE INDEX "auth_permission_content_type_id_2f476e4b" ON "auth_permission" ("content_type_id");
CREATE INDEX "django_session_expire_date_a5c62663" ON "django_session" ("expire_date");
CREATE INDEX "notes_insight_category_id_7cdc5d64" ON "notes_insight" ("category_id");
COMMIT;
